<resources xmlns:tools="http://schemas.android.com/tools">
    <!-- Base application theme. -->
    <style name="Base.Theme.Calculator" parent="Theme.Material3.DayNight.NoActionBar">
        <item name="android:statusBarColor">@color/bg_color</item>
        <item name="android:windowLightStatusBar" tools:targetApi="m">false</item>
    </style>

    <style name="Theme.Calculator" parent="Base.Theme.Calculator" />

    <style name="CalcButton" parent="Widget.Material3.Button.UnelevatedButton">
        <item name="android:layout_width">0dp</item>
        <item name="android:layout_height">70dp</item>
        <item name="android:layout_margin">4dp</item>
        <item name="android:insetTop">0dp</item>
        <item name="android:insetBottom">0dp</item>
        <item name="backgroundTint">@color/btn_bg_dark</item>
        <item name="android:textColor">@color/white</item>
        <item name="android:textSize">22sp</item>
        <item name="cornerRadius">16dp</item>
    </style>

    <style name="CalcButton.Light">
        <item name="backgroundTint">@color/btn_bg_light</item>
    </style>

    <style name="CalcButton.Blue">
        <item name="backgroundTint">@color/btn_bg_blue</item>
    </style>

    <style name="CalcButton.Scientific">
        <item name="backgroundTint">#262626</item>
        <item name="android:textColor">#4B5EFC</item>
        <item name="android:textSize">18sp</item>
    </style>
</resources>